﻿<?xml version="1.0" encoding="utf-8"?>
<!--Created with LibraryBuilder for FLAkit -->
<!--http://www.thaumaturgistgames.com/FLAkit-->
<library>
    <images>
        <image>ogmo/actor.png</image>
        <image>ogmo/camera.png</image>
        <image>ogmo/director.png</image>
        <image>ogmo/solarsystem.png</image>
        <image>graphics/alien.png</image>
        <image>graphics/crystals.png</image>
        <image>graphics/hud.png</image>
        <image>graphics/menu.png</image>
        <image>graphics/pioneer.png</image>
        <image>graphics/portal.png</image>
        <image>graphics/settler.png</image>
        <image>graphics/ship.png</image>
        <image>graphics/tiles.png</image>
        <image>graphics/tileset.png</image>
    </images>
    <sounds>
        <sound>audio/ambient1.mp3</sound>
        <sound>audio/musicEarth.mp3</sound>
        <sound>audio/pickup1.mp3</sound>
        <sound>audio/pickup2.mp3</sound>
        <sound>audio/pickup3.mp3</sound>
        <sound>audio/pickup4.mp3</sound>
        <sound>audio/pickup5.mp3</sound>
        <sound>audio/planet1.mp3</sound>
        <sound>audio/planet2.mp3</sound>
        <sound>audio/planet3.mp3</sound>
        <sound>audio/shoot.mp3</sound>
        <sound>audio/thruster.mp3</sound>
    </sounds>
    <xmls>
        <xml>Library.xml</xml>
        <xml>test.oel</xml>
        <xml>scripts/director.xml</xml>
        <xml>scripts/first-role.xml</xml>
        <xml>scripts/second-role.xml</xml>
    </xmls>
</library>